CityID,ProvinceID,CityCode,CityLongDesc,BankNo,InsertedByUserID,InsertedDateTime,UpdatedByUserID,UpdatedDateTime,OldCityID,PSGC
1,56,9000,CAGAYAN DE ORO CITY,0,691,2020-07-09 10:57:58.777,691,2020-09-03 22:09:57.387,0,
17,56,9015,MAGSAYSAY,0,776,2020-07-13 13:28:22.480,691,2020-09-03 22:12:50.807,0,1705105000
25,56,9012,TALISAYAN,0,776,2020-07-13 13:32:46.523,691,2020-09-03 22:16:45.107,0,1004325000
28,52,8721,DAMULOG,0,776,2020-07-13 14:16:27.760,691,2020-09-03 22:17:16.833,0,1001302000
30,52,8702,IMPASUG-ONG,0,776,2020-07-13 14:17:26.287,691,2020-09-03 22:17:41.787,0,1001305000
34,52,8720,KIBAWE,0,776,2020-07-13 14:19:19.397,691,2020-09-03 22:18:00.237,0,1001308000
47,52,8701,SUMILAO,0,776,2020-07-13 14:24:52.380,691,2020-09-03 22:14:03.717,0,1001319000
51,71,9320,AMAI MANABILANG,0,691,2020-08-13 15:29:33.903,691,2020-09-03 22:19:20.627,0,1903637000
52,39,6329,TUBIGON,0,691,2021-10-04 19:42:54.157,691,2021-10-04 19:42:54.157,0,0701245000
75,39,6323,SAN MIGUEL,0,691,2021-11-24 09:50:55.617,691,2021-11-24 09:50:55.617,0,0301421000
79,51,7004,NAGA,0,691,2022-04-21 12:29:14.447,691,2022-04-21 12:29:14.447,0,0908309000
139,60,8204,BAGANGA,0,973,2022-11-04 14:33:28.927,973,2022-11-04 14:44:11.207,0,1102501000
140,60,8208,BANAYBANAY,0,973,2022-11-04 14:34:57.910,973,2022-11-04 14:34:57.910,0,1102502000
143,60,8205,CATEEL,0,973,2022-11-04 14:38:51.550,973,2022-11-04 14:45:21.380,0,1102505000
171,58,8001,SANTA CRUZ,0,973,2023-03-20 14:22:38.557,973,2023-03-20 14:22:38.557,0,0102924000
176,82,1607,PASIG CITY,0,973,2023-06-19 13:12:15.043,691,2024-04-23 14:18:50.680,0,
193,119,8011,STA. MARIA,0,972,2023-11-29 11:20:37.277,972,2023-11-29 11:20:37.277,0,
198,78,2601,LA TRINIDAD,0,691,2024-02-19 16:45:36.930,691,2024-02-19 16:45:36.930,0,
199,78,2600,BAGUIO CITY,0,691,2024-02-19 16:47:59.767,691,2024-02-19 16:47:59.767,0,
222,37,5018,BALASAN,0,691,2024-03-27 09:16:31.560,691,2024-03-27 09:16:31.560,0,0603005000
285,13,3114,TALAVERA,0,691,2024-04-29 11:26:38.513,691,2024-04-29 11:26:38.513,0,0304930000
286,13,3119,MUNOZ,0,691,2024-04-29 11:28:22.650,691,2024-04-29 11:28:22.650,0,
287,22,4900,BOAC,0,691,2024-04-29 17:05:12.680,691,2024-04-29 17:05:12.680,0,
303,49,7112,SINDANGAN,0,972,2024-07-31 19:16:42.910,972,2024-07-31 19:16:42.910,0,0907218000
172,86,8803,COMPOSTELA,0,972,2024-09-04 09:34:52.180,972,2024-09-04 09:34:52.180,0,0702218000
306,192,8012,MALITA,0,973,2024-10-29 10:20:28.103,973,2024-10-29 10:20:28.103,0,
318,72,9601,DATU ODIN SINSUAT,0,973,2024-12-17 10:44:48.753,973,2024-12-17 10:44:48.753,0,1903807000
325,7,1234,Quezon,0,1234,2025-05-20 13:35:00.987,1234,2025-05-20 13:35:00.987,0,0203122000
3,56,9005,BALINGASAG,0,776,2020-07-13 13:19:35.173,691,2020-09-03 22:10:19.067,0,1004302000
5,56,9008,BINUANGAN,0,776,2020-07-13 13:20:29.603,691,2020-09-03 22:10:39.127,0,1004304000
7,56,9017,EL SALVADOR,0,776,2020-07-13 13:21:47.957,691,2020-09-03 22:11:29.970,0,
8,56,9014,GINGOOG CITY,0,776,2020-07-13 13:22:07.927,691,2020-09-03 22:11:39.297,0,
10,56,9022,INITAO,0,776,2020-07-13 13:24:34.733,691,2020-09-03 22:11:56.247,0,1004310000
11,56,9003,JASAAN,0,776,2020-07-13 13:26:05.887,691,2020-09-03 22:12:04.007,0,1004311000
12,56,9010,KINOGUITAN,0,776,2020-07-13 13:26:48.533,691,2020-09-03 22:12:14.327,0,1004312000
13,56,9006,LAGONGLONG,0,776,2020-07-13 13:27:10.213,691,2020-09-03 22:12:23.283,0,1004313000
14,56,9019,LAGUINDINGAN,0,776,2020-07-13 13:27:29.340,691,2020-09-03 22:12:31.727,0,1004314000
16,56,9025,LUGAIT,0,776,2020-07-13 13:28:02.420,691,2020-09-03 22:13:00.110,0,1004316000
18,56,9024,MANTICAO,0,776,2020-07-13 13:28:48.653,691,2020-09-03 22:13:19.057,0,1004318000
19,56,9013,MEDINA,0,776,2020-07-13 13:30:08.160,691,2020-09-03 22:13:08.837,0,1004319000
21,56,9016,OPOL,0,776,2020-07-13 13:31:25.973,691,2020-09-03 22:13:26.583,0,1004321000
22,56,9007,SALAY,0,776,2020-07-13 13:31:44.523,691,2020-09-03 22:15:52.540,0,1004322000
23,56,9009,SUGBONGCOGON,0,776,2020-07-13 13:32:10.367,691,2020-09-03 22:16:06.997,0,1004323000
26,56,9002,VILLANUEVA,0,776,2020-07-13 13:33:02.310,691,2020-09-03 22:16:56.273,0,1004326000
33,52,8718,KALILANGAN,0,776,2020-07-13 14:18:58.630,691,2020-09-03 22:18:31.960,0,1001307000
35,52,8716,KITAOTAO,0,776,2020-07-13 14:19:49.947,691,2020-09-03 22:18:44.593,0,1001309000
64,39,6322,DAGOHOY,0,1691,2021-10-06 14:21:58.867,1691,2021-10-06 14:21:58.867,0,0701217000
70,39,6300,TAGBILARAN,0,691,2021-10-13 16:41:02.220,691,2021-10-13 16:41:02.220,0,
82,39,6302,ALBUQUERQUE,0,1691,2022-06-03 10:50:06.350,1691,2022-06-03 10:50:06.350,0,
86,39,6318,BATUAN,0,1691,2022-06-03 10:53:33.993,1691,2022-06-03 10:53:33.993,0,0504104000
92,39,6307,GARCIA HERNANDEZ,0,1691,2022-06-03 11:28:47.030,1691,2022-06-03 11:28:47.030,0,0701222000
148,60,8209,SAN ISIDRO,0,973,2022-11-04 14:42:28.953,973,2022-11-04 14:46:28.690,0,0203129000
154,65,8600,BUTUAN CITY,0,972,2022-11-19 09:28:16.893,972,2022-11-19 09:28:38.490,0,
173,86,8806,MACO,0,972,2023-04-17 12:51:35.843,972,2023-04-17 12:51:35.843,0,1108204000
188,15,2301,SAN MANUEL,0,973,2023-10-26 16:24:49.747,973,2023-10-26 16:24:49.747,0,0105535000
204,37,5020,OTON,0,691,2024-03-07 16:15:11.253,691,2024-03-07 16:15:11.253,0,0603034000
319,68,8305,SAN AGUSTIN,0,972,2025-01-20 11:30:29.437,972,2025-01-20 11:30:29.437,0,0203127000
321,119,8011,SANTA MARIA,0,973,2025-02-03 15:45:05.427,973,2025-02-03 15:45:05.427,0,0102926000
223,18,4109,TRECE MARTIRES CITY,0,691,2024-04-01 16:47:40.993,691,2024-04-01 16:47:40.993,0,
224,82,1208,TAGUIG CITY,0,691,2024-04-01 16:52:05.420,691,2024-04-23 14:19:57.470,0,
308,40,6005,CARMEN,0,973,2024-11-29 08:20:36.453,973,2024-11-29 08:20:36.453,0,0701212000
320,14,2011,MAGALANG,0,691,2025-01-22 08:43:43.647,691,2025-01-22 08:43:43.647,0,0305411000
63,39,6333,BUENAVISTA,0,1691,2021-10-06 13:27:39.213,1691,2021-10-06 13:27:39.213,0,0405605000
69,39,6327,LOON,0,1691,2021-10-06 15:27:29.050,1691,2021-10-06 15:27:29.050,0,0701230000
93,39,6310,GUINDULMAN,0,1691,2022-06-03 11:30:05.870,1691,2022-06-03 11:30:05.870,0,0701223000
94,39,6304,LILA,0,1691,2022-06-03 11:30:39.653,1691,2022-06-03 11:30:39.653,0,0701227000
95,39,6303,LOAY,0,1691,2022-06-03 11:31:01.643,1691,2022-06-03 11:31:01.643,0,0701228000
97,39,6336,MARIBOJOC,0,1691,2022-06-03 11:32:17.260,973,2023-03-10 09:55:10.100,0,0701232000
100,39,6320,SIERRA BULLONES,0,1691,2022-06-03 11:36:20.683,1691,2022-06-03 11:36:20.683,0,0701240000
157,40,6042,BANTAYAN,0,1973,2023-01-21 09:38:25.447,1973,2023-01-21 09:38:25.447,0,0702209000
158,86,8802,MAWAB,0,972,2023-02-14 13:15:04.473,972,2023-02-14 13:15:04.473,0,1108206000
165,39,6305,DIMIAO,0,973,2023-03-09 18:14:05.440,973,2023-03-09 18:14:05.440,0,0701220000
168,39,6320,SIERRA BULLONES,0,973,2023-03-09 18:19:15.190,973,2023-03-09 18:19:15.190,0,0701240000
205,18,4103,IMUS,0,691,2024-03-08 11:11:16.570,691,2024-03-08 11:11:16.570,0,
206,32,4714,PILAR,0,691,2024-03-08 11:13:25.513,691,2024-03-08 11:13:25.513,0,0300811000
207,11,2101,PILAR,0,691,2024-03-08 11:37:22.510,691,2024-03-08 11:37:22.510,0,0300811000
225,12,3022,SANTA MARIA,0,691,2024-04-02 09:18:17.347,691,2024-04-02 09:18:17.347,0,0102926000
226,45,6515,DAGAMI,0,691,2024-04-02 09:19:28.403,691,2024-04-02 09:19:28.403,0,0803717000
227,35,5808,JAMINDAN,0,691,2024-04-02 16:22:58.167,691,2024-04-02 16:22:58.167,0,0601906000
244,13,3117,CUYAPO,0,691,2024-04-04 18:34:05.467,691,2024-04-04 18:34:05.467,0,0304906000
245,15,2300,TARLAC CITY,0,691,2024-04-04 18:36:27.837,691,2024-04-04 18:36:27.837,0,
246,64,9800,TACURONG CITY,0,973,2024-04-11 08:49:19.623,973,2024-04-11 08:49:19.623,0,
251,20,4307,GUMACA,0,691,2024-04-12 14:16:03.220,691,2024-04-12 14:16:03.220,0,0405619000
295,13,3132,PALAYAN,0,973,2024-06-10 16:56:40.297,973,2024-06-10 16:56:40.297,0,
296,61,9401,MAKILALA,0,973,2024-06-26 15:44:40.750,972,2024-10-03 15:49:33.720,0,1204707000
71,39,6326,BIEN UNIDO,0,1691,2021-10-15 15:04:21.683,1691,2021-10-15 15:04:21.683,0,0701248000
87,39,6312,CANDIJAY,0,1691,2022-06-03 11:15:48.583,1691,2022-06-03 11:15:48.583,0,0701211000
99,39,6347,SEVILLA,0,1691,2022-06-03 11:34:17.040,1691,2022-06-03 11:34:17.040,0,0701239000
122,59,8102,ASUNCION,0,691,2022-07-13 10:19:24.187,691,2022-07-13 10:19:24.187,0,1102301000
123,59,8118,BABAK,0,691,2022-07-13 10:19:43.760,691,2022-07-13 10:19:43.760,0,
124,59,8101,CARMEN,0,691,2022-07-13 10:19:58.017,691,2022-07-13 10:19:58.017,0,0701212000
126,59,8120,KAPUTIAN,0,691,2022-07-13 10:20:28.540,691,2022-07-13 10:20:28.540,0,
288,20,4302,PAGBILAO,0,691,2024-05-13 15:07:04.433,691,2024-05-13 15:07:04.433,0,0405630000
129,59,8119,SAMAL,0,691,2022-07-13 10:21:36.497,691,2022-07-13 10:21:36.497,0,0300812000
131,59,8100,TAGUM CITY,0,691,2022-07-13 10:22:06.020,691,2022-07-13 10:22:06.020,0,
135,49,7100,DIPOLOG CITY,0,691,2022-09-10 08:49:12.443,691,2022-09-10 08:49:12.443,0,
136,40,6046,MINGLANILLA,0,691,2022-09-10 10:32:22.547,691,2022-09-10 10:32:22.547,0,0702232000
137,40,6037,NAGA CITY,0,691,2022-09-10 10:33:03.937,691,2022-09-10 10:33:03.937,0,
307,53,9100,MAMBAJAO,0,972,2024-11-25 10:56:49.733,972,2024-11-25 10:56:49.733,0,
109,58,8013,DON MARCELINO,0,691,2022-07-13 09:49:20.470,691,2022-07-13 09:49:20.470,0,1108601000
113,58,8004,MAGSAYSAY,0,691,2022-07-13 09:52:23.423,691,2022-07-13 09:52:23.423,0,1705105000
118,58,8001,SANTA CRUZ,0,691,2022-07-13 09:54:17.730,691,2022-07-13 09:54:17.730,0,0102924000
120,58,8015,SARANGANI,0,691,2022-07-13 09:54:50.143,691,2022-07-13 09:54:50.143,0,1108605000
125,59,8113,KAPALONG,0,691,2022-07-13 10:20:14.553,691,2022-07-13 10:20:14.553,0,1102305000
127,59,8104,NEW CORELLA,0,691,2022-07-13 10:20:50.083,691,2022-07-13 10:20:50.083,0,1102314000
133,40,6000,CEBU CITY,0,691,2022-07-29 14:53:46.587,691,2022-07-29 14:53:46.587,0,
153,54,9218,PANTAR,0,972,2022-11-16 12:57:30.293,972,2022-11-16 12:57:30.293,0,1003523000
221,82,MNL,MANILA,0,691,2024-03-26 16:44:49.613,691,2024-03-26 16:44:49.613,0,
254,68,8311,BISLIG CITY,0,691,2024-04-23 11:42:25.597,691,2024-04-23 11:42:25.597,0,
255,23,5108,ABRA DE ILOG,0,691,2024-04-23 11:44:29.227,691,2024-04-23 11:44:29.227,0,1705101000
256,82,1001,"QUIAPO, MANILA",0,691,2024-04-23 12:06:42.257,691,2024-04-23 14:12:05.167,0,
257,82,1005,"SAN MIGUEL, MANILA",0,691,2024-04-23 12:07:04.863,691,2024-04-23 14:12:30.153,0,
258,82,1006,"BINONDO, MANILA",0,691,2024-04-23 12:07:40.007,691,2024-04-23 14:00:05.030,0,
259,258,UAE,DUBAI,0,691,2024-04-23 13:54:02.970,691,2024-04-23 13:54:02.970,0,
260,37,5034,JANIUAY,0,691,2024-04-23 13:56:24.507,691,2024-04-23 13:56:24.507,0,0603023000
261,82,CAL,CALOOCAN CITY,0,691,2024-04-23 14:04:00.137,691,2024-04-23 14:07:58.740,0,
262,82,LAS,LAS PI헤S CITY,0,691,2024-04-23 14:04:41.350,691,2024-04-23 14:11:04.137,0,
263,82,MAK,MAKATI CITY,0,691,2024-04-23 14:05:17.777,691,2024-04-23 14:11:18.463,0,
264,82,MAL,MALABON CITY,0,691,2024-04-23 14:05:53.683,691,2024-04-23 14:11:28.720,0,
265,82,MAR,MARIKINA CITY,0,691,2024-04-23 14:07:40.663,691,2024-04-23 14:07:40.663,0,
266,82,MUN,MUNTINLUPA CITY,0,691,2024-04-23 14:13:08.333,691,2024-04-23 14:13:08.333,0,
267,82,NAV,NAVOTAS CITY,0,691,2024-04-23 14:13:29.547,691,2024-04-23 14:15:15.443,0,
268,82,PAT,PATEROS,0,691,2024-04-23 14:16:02.863,691,2024-04-23 14:16:02.863,0,1381701000
269,82,SAN,SAN JUAN,0,691,2024-04-23 14:21:00.757,691,2024-04-23 14:21:00.757,0,0102920000
270,82,ERM,"ERMITA, MANILA",0,691,2024-04-23 14:21:42.547,691,2024-04-23 14:21:42.547,0,
271,82,INT,"INTRAMUROS, MANILA",0,691,2024-04-23 14:22:28.807,691,2024-04-23 14:22:28.807,0,
272,82,MAL,"MALATE, MANILA",0,691,2024-04-23 14:23:01.873,691,2024-04-23 14:23:01.873,0,
273,82,PAC,"PACO, MANILA",0,691,2024-04-23 14:23:24.553,691,2024-04-23 14:23:24.553,0,
274,82,PAN,"PANDACAN, MANILA",0,691,2024-04-23 14:23:54.303,691,2024-04-23 14:23:54.303,0,
275,82,POR,"PORT AREA, MANILA",0,691,2024-04-23 14:24:11.583,691,2024-04-23 14:24:11.583,0,
276,82,SAM,"SAMPALOC, MANILA",0,691,2024-04-23 14:24:42.353,691,2024-04-23 14:24:42.353,0,
277,82,SAN,"SAN ANDRES, MANILA",0,691,2024-04-23 14:26:07.107,691,2024-04-23 14:26:07.107,0,
278,82,SAN,"SAN NICOLAS, MANILA",0,691,2024-04-23 14:31:35.180,691,2024-04-23 14:31:35.180,0,
279,82,SAN,"SANTA ANA, MANILA",0,691,2024-04-23 14:35:22.297,691,2024-04-23 14:35:22.297,0,
280,82,SAN,"SANTA CRUZ, MANILA",0,691,2024-04-23 14:36:42.170,691,2024-04-23 14:36:42.170,0,
281,82,SAN,SANTA MESA,0,691,2024-04-23 14:37:36.130,691,2024-04-23 14:37:36.130,0,
305,16,2213,STA. CRUZ,0,972,2024-09-12 08:47:40.523,972,2024-09-12 08:47:40.523,0,
322,68,8307,LIANGA,0,972,2025-02-07 15:15:57.780,972,2025-02-07 15:15:57.780,0,1606811000
73,39,6308,JAGNA,0,1691,2021-10-28 09:34:01.740,1691,2021-10-28 09:34:01.740,0,0701225000
89,39,6322,DAGUHOY,0,1691,2022-06-03 11:26:41.107,1691,2022-06-03 11:26:41.107,0,
91,39,6309,DUERO,0,1691,2022-06-03 11:28:10.910,1691,2022-06-03 11:28:10.910,0,0701221000
102,39,6324,TRINIDAD,0,1691,2022-06-03 11:37:24.360,1691,2022-06-03 11:37:24.360,0,0701244000
103,39,6306,VALENCIA,0,1691,2022-06-03 11:37:51.900,1691,2022-06-03 11:37:51.900,0,0701247000
134,40,6002,LILOAN,0,691,2022-08-17 17:23:33.537,691,2022-08-17 17:23:33.537,0,0702227000
156,63,9500,GENERAL SANTOS CITY,0,973,2022-12-29 17:38:04.320,973,2022-12-29 17:38:04.320,0,
160,86,8809,PANTUKAN,0,973,2023-02-25 09:11:39.023,973,2023-02-25 09:11:39.023,0,1108211000
162,86,8808,MARAGUSAN,0,973,2023-02-25 09:43:46.563,973,2023-02-25 09:43:46.563,0,1108205000
291,85,4328,LUCBAN,0,972,2024-05-28 15:34:21.067,972,2024-05-28 15:34:21.067,0,0405623000
292,4,2446,NATIVIDAD,0,972,2024-05-28 15:35:59.050,972,2024-05-28 15:35:59.050,0,0105529000
299,117,5027,TUBUNGAN,0,691,2024-07-12 16:32:20.830,691,2024-07-12 16:32:20.830,0,0603046000
83,39,6314,ALICIA,0,1691,2022-06-03 10:50:38.287,1691,2022-06-03 10:50:38.287,0,0203101000
185,86,8807,MABINI,0,973,2023-09-27 14:15:37.990,973,2023-09-27 14:15:37.990,0,0105523000
191,82,1440,VALENZUELA CITY,0,973,2023-11-06 14:49:22.617,691,2024-04-23 14:02:07.127,0,
192,60,8207,LOPON,0,972,2023-11-15 16:19:51.330,972,2023-11-15 16:19:51.330,0,
197,66,8507,LORETO,0,973,2023-12-23 13:00:36.870,973,2023-12-23 13:00:36.870,0,1600305000
200,72,9602,UPI,0,691,2024-03-02 11:41:59.097,691,2024-03-02 11:41:59.097,0,1903815000
201,82,MAN,MANDALUYONG CITY,0,691,2024-03-02 11:49:54.130,691,2024-04-23 14:06:15.173,0,
202,14,2009,ANGELES CITY,0,691,2024-03-02 12:00:41.413,691,2024-03-02 12:00:41.413,0,
24,56,9001,TAGOLOAN,0,776,2020-07-13 13:32:30.070,691,2020-09-03 22:16:34.630,0,1003520000
32,52,8713,KADINGILAN,0,776,2020-07-13 14:18:37.230,691,2020-09-03 22:18:22.217,0,1001306000
36,52,8722,LANTAPAN,0,776,2020-07-13 14:20:09.960,691,2020-09-03 22:18:54.893,0,1001310000
37,52,8706,LIBONA,0,776,2020-07-13 14:20:35.800,691,2020-09-03 22:17:26.860,0,1001311000
39,52,8704,MALITBOG,0,776,2020-07-13 14:21:41.463,691,2020-09-03 22:15:44.170,0,0806409000
40,52,8703,MANOLO FORTICH,0,776,2020-07-13 14:22:03.287,691,2020-09-03 22:15:34.230,0,1001314000
42,52,8710,MUSUAN,0,776,2020-07-13 14:22:37.573,691,2020-09-03 22:14:58.600,0,
43,52,8717,PANGANTUCAN,0,776,2020-07-13 14:23:00.030,691,2020-09-03 22:14:35.537,0,1001316000
45,52,8715,QUEZON,0,776,2020-07-13 14:24:12.683,691,2020-09-03 22:14:24.397,0,0203122000
46,52,8711,SAN FERNANDO,0,776,2020-07-13 14:24:34.923,691,2020-09-03 22:14:13.903,0,1705913000
48,52,8708,TALAKAG,0,776,2020-07-13 14:25:07.097,691,2020-09-03 22:13:55.387,0,1001320000
49,52,8709,VALENCIA,0,776,2020-07-13 14:25:34.377,691,2020-09-03 22:13:46.010,0,0701247000
50,52,8712,DON CARLOS,0,776,2020-07-13 14:58:59.493,691,2020-09-03 22:13:37.630,0,1001304000
58,39,6329,SAN ISIDRO,0,691,2021-10-05 13:59:00.763,691,2021-10-05 13:59:00.763,0,0203129000
61,39,6329,BALILIHAN,0,691,2021-10-05 15:13:07.520,691,2021-10-05 15:13:07.520,0,0701206000
65,39,6301,BACLAYON,0,1691,2021-10-06 14:29:25.933,1691,2021-10-06 14:29:25.933,0,0701205000
68,39,6314,CORTES,0,1691,2021-10-06 15:18:40.783,1691,2021-10-06 15:18:40.783,0,0701216000
74,39,6330,CLARIN,0,1691,2021-11-23 11:23:19.480,1691,2021-11-23 11:23:19.480,0,0701214000
101,39,6338,SIKATUNA,0,1691,2022-06-03 11:36:44.157,1691,2022-06-03 11:36:44.157,0,0701241000
146,60,8202,MANAY,0,973,2022-11-04 14:41:03.463,973,2022-11-04 14:41:03.463,0,1102508000
147,60,8200,MATI,0,973,2022-11-04 14:41:37.097,973,2022-11-04 14:41:37.097,0,
174,39,6315,UBAY,0,973,2023-05-29 17:25:20.223,973,2023-05-29 17:25:20.223,0,0701246000
178,59,8100,BRAULIO E. DUJALI,0,691,2023-07-01 11:28:39.917,691,2023-07-01 11:28:39.917,0,1102323000
194,61,9408,CARMEN,0,972,2023-11-29 16:59:11.820,972,2023-11-29 16:59:11.820,0,0701212000
196,112,9417,ARAKAN,0,973,2023-12-23 09:47:14.160,973,2023-12-23 09:47:14.160,0,1204718000
252,19,4008,PAGSANJAN,0,973,2024-04-19 12:26:04.563,973,2024-04-19 12:26:04.563,0,0403419000
301,37,5019,CARLES,0,691,2024-07-26 08:54:16.813,691,2024-07-26 08:54:16.813,0,0603014000
302,4,2421,MALASIQUI,0,691,2024-07-26 09:17:57.620,691,2024-07-26 09:17:57.620,0,0105524000
4,56,9011,BALINGOAN,0,776,2020-07-13 13:19:51.100,691,2020-09-03 22:10:28.253,0,1004303000
6,56,9004,CLAVERIA,0,776,2020-07-13 13:20:56.257,691,2020-09-03 22:11:20.590,0,0201511000
15,56,9021,LIBERTAD,0,776,2020-07-13 13:27:46.960,691,2020-09-03 22:12:41.093,0,0600610000
20,56,9023,NAAWAN,0,776,2020-07-13 13:30:23.740,691,2020-09-03 22:15:20.010,0,1004320000
54,39,6329,SAGBAYAN,0,691,2021-10-04 20:28:46.537,691,2021-10-04 20:28:46.537,0,0701236000
59,39,6329,CATIGBIAN,0,691,2021-10-05 14:21:50.007,691,2021-10-05 14:21:50.007,0,0701213000
76,39,6321,PILAR,0,1691,2021-12-29 11:25:04.140,1691,2021-12-29 11:25:04.140,0,0300811000
106,58,8005,BANSALAN,0,691,2022-07-13 09:48:12.210,691,2022-07-13 09:48:12.210,0,1102401000
107,58,8000,DAVAO CITY,0,691,2022-07-13 09:48:28.310,691,2022-07-13 09:48:28.310,0,
152,59,8105,PANABO CITY,0,973,2022-11-10 15:00:47.230,973,2022-11-10 15:00:47.230,0,
170,86,8800,NABUNTURAN,0,1973,2023-03-17 15:58:23.047,1973,2023-03-17 15:58:23.047,0,
184,62,9503,MALUNGON,0,972,2023-09-23 08:21:51.710,972,2023-09-23 08:22:19.487,0,1208007000
190,61,9404,MAGPET,0,972,2023-11-03 13:56:33.473,972,2023-11-03 13:56:33.473,0,1204706000
218,30,4800,VIRAC,0,691,2024-03-22 19:20:12.437,691,2024-03-22 19:20:12.437,0,
247,21,1900,CAINTA,0,691,2024-04-11 14:49:25.897,691,2024-04-23 16:29:35.280,0,0405805000
283,18,4110,NAIC,0,691,2024-04-26 14:45:44.780,691,2024-04-26 14:45:44.780,0,0402115000
284,45,6503,TOLOSA,0,691,2024-04-26 14:47:45.080,691,2024-04-26 14:47:45.080,0,0803749000
293,37,5024,SAN JOAQUIN,0,973,2024-06-03 17:54:43.810,973,2024-06-03 17:54:43.810,0,0603040000
294,20,4305,UNISAN,0,973,2024-06-03 17:56:20.260,973,2024-06-03 17:56:20.260,0,0405649000
9,56,9020,GITAGUM,0,776,2020-07-13 13:22:46.557,691,2020-09-03 22:11:48.240,0,1004309000
66,39,6316,LOBOC,0,1691,2021-10-06 14:53:45.243,1691,2021-10-06 14:53:45.243,0,0701229000
67,39,6317,BILAR,0,1691,2021-10-06 15:09:00.020,1691,2021-10-06 15:09:00.020,0,0701208000
72,39,6334,GETAFE,0,1691,2021-10-19 17:01:50.020,1691,2021-10-26 11:16:05.230,0,0701226000
142,60,8203,CARAGA,0,973,2022-11-04 14:38:17.740,973,2022-11-04 14:44:56.647,0,1102504000
149,60,8201,TARRAGONA,0,973,2022-11-04 14:43:33.443,973,2022-11-04 14:46:49.093,0,1102511000
166,39,6335,ANTEQUERA,0,973,2023-03-09 18:15:34.000,973,2023-03-09 18:15:34.000,0,0701204000
167,39,6308,JAGNA,0,973,2023-03-09 18:17:30.463,973,2023-03-09 18:17:30.463,0,0701225000
248,247,136,GEORGE TOWN,0,1973,2024-04-11 15:19:14.977,1973,2024-04-11 15:19:14.977,0,
249,29,4400,NAGA CITY,0,691,2024-04-11 17:22:35.863,691,2024-04-11 17:22:35.863,0,
250,29,4425,LAGONOY,0,691,2024-04-11 17:24:26.800,691,2024-04-11 17:24:26.800,0,0501717000
282,25,PUE,PUERTO PRINCESA,0,691,2024-04-23 16:48:49.853,691,2024-04-23 16:48:49.853,0,
309,66,8502,BAYUGAN,0,691,2024-12-13 13:24:00.210,691,2024-12-13 13:24:00.210,0,
310,66,8502,BUNAWAN,0,691,2024-12-13 14:09:26.790,691,2024-12-13 14:09:26.790,0,1600302000
311,66,8502,ESPERANZA,0,691,2024-12-13 14:10:12.670,691,2024-12-13 14:10:12.670,0,0504109000
312,66,8502,LA PAZ,0,691,2024-12-13 14:10:43.530,691,2024-12-13 14:10:43.530,0,0306907000
313,66,8502,PROSPERIDAD,0,691,2024-12-13 14:11:09.903,691,2024-12-13 14:11:09.903,0,
314,66,8502,ROSARIO,0,691,2024-12-13 14:11:28.407,691,2024-12-13 14:11:28.407,0,0103313000
315,66,8502,SAN LUIS,0,691,2024-12-13 14:11:55.473,691,2024-12-13 14:11:55.473,0,0305417000
316,66,8502,SANTA JOSEFA,0,691,2024-12-13 14:12:22.750,691,2024-12-13 14:12:22.750,0,1600310000
317,66,8502,SIBAGAT,0,691,2024-12-13 14:12:46.533,691,2024-12-13 14:12:46.533,0,1600314000
38,52,8700,MALAYBALAY,0,776,2020-07-13 14:21:22.950,691,2020-09-03 22:16:22.663,0,
77,39,6323,SAN MIGUEL,0,1691,2022-01-06 14:12:00.120,1691,2022-01-06 14:12:00.120,0,0301421000
163,66,8501,SAN FRANCISCO,0,973,2023-02-28 17:38:57.037,973,2023-02-28 17:38:57.037,0,0405642000
169,82,1116,QUEZON CITY,0,973,2023-03-17 13:31:16.203,691,2024-04-23 14:17:28.800,0,1381300000
175,4,2408,AGNO,0,973,2023-06-19 13:02:05.870,973,2023-06-19 13:02:05.870,0,0105501000
182,68,8312,LINGIG,0,972,2023-07-24 09:06:42.713,972,2023-07-24 09:06:42.713,0,1606812000
183,66,8510,TALACOGON,0,973,2023-09-12 17:16:12.500,973,2023-09-12 17:16:12.500,0,1600311000
219,13,3100,CABANATUAN CITY,0,691,2024-03-26 15:51:09.383,691,2024-03-26 15:51:09.383,0,
220,11,2112,ORANI,0,691,2024-03-26 15:52:37.773,691,2024-03-26 15:52:37.773,0,0300809000
253,19,4009,SANTA CRUZ,0,1973,2024-04-19 17:53:11.453,1973,2024-04-19 17:53:11.453,0,0102924000
297,63,9508,NORALA,0,973,2024-06-26 16:19:42.693,973,2024-06-26 16:19:42.693,0,1206311000
304,15,2303,STA. IGNACIA,0,972,2024-08-17 10:02:55.633,972,2024-08-17 10:02:55.633,0,
57,39,6329,DAUIS,0,691,2021-10-05 13:43:29.690,691,2021-10-05 13:43:29.690,0,0701219000
130,59,8112,SANTO TOMAS,0,691,2022-07-13 10:21:52.010,691,2022-07-13 10:21:52.010,0,0103317000
138,54,9211,LALA,0,691,2022-10-07 09:52:22.343,691,2022-10-07 09:52:22.343,0,1003509000
144,60,8210,GOVERNOR GENEROSO,0,973,2022-11-04 14:39:49.030,973,2022-11-04 14:45:41.283,0,1102506000
150,66,8505,TRENTO,0,973,2022-11-16 08:26:25.737,973,2022-11-16 08:26:25.737,0,1600312000
161,61,9400,KIDAPAWAN CITY,0,973,2023-02-25 09:15:57.700,691,2024-09-20 11:33:14.600,0,
187,38,6101,BAGO,0,973,2023-10-03 09:42:23.177,973,2023-10-03 09:42:23.177,0,
298,57,8800,NABUNTURAN,0,972,2024-06-28 16:24:38.690,972,2024-06-28 16:24:38.690,0,
2,56,9018,ALUBIJID,0,776,2020-07-13 13:17:54.337,691,2020-09-03 22:10:06.517,0,1004301000
27,52,8707,BAUNGON,0,776,2020-07-13 14:16:05.350,691,2020-09-03 22:17:06.570,0,1001301000
29,52,8719,DANGCAGAN,0,776,2020-07-13 14:17:03.303,691,2020-09-03 22:17:51.027,0,1001303000
44,52,8705,PHILIPS,0,776,2020-07-13 14:23:54.487,691,2020-09-03 22:14:48.563,0,
53,39,6329,CALAPE,0,691,2021-10-04 20:16:19.943,691,2021-10-04 20:16:19.943,0,0701210000
55,39,6329,INABANGA,0,691,2021-10-04 20:36:28.167,691,2021-10-04 20:36:28.167,0,0701224000
56,39,6329,DANAO,0,691,2021-10-04 23:16:02.530,691,2021-10-04 23:16:02.530,0,0701218000
62,39,6319,CARMEN,0,691,2021-10-05 17:34:22.470,691,2021-10-05 17:34:22.470,0,0701212000
85,39,6335,ANTEQUERA,0,1691,2022-06-03 10:51:52.157,1691,2022-06-03 15:37:18.603,0,0701204000
108,58,8002,DIGOS CITY,0,691,2022-07-13 09:48:55.930,691,2022-07-13 09:48:55.930,0,
132,40,6045,TALISAY CITY,0,691,2022-07-29 14:11:06.720,691,2022-07-29 14:11:06.720,0,
155,40,6016,LAPU-LAPU,0,973,2022-12-14 14:52:19.020,973,2022-12-14 14:52:19.020,0,
159,82,1012,"TONDO, MANILA",0,972,2023-02-23 17:06:17.027,691,2024-04-23 14:08:36.917,0,
164,49,7105,PI헤N,0,972,2023-03-07 11:57:52.110,972,2023-03-07 11:57:52.110,0,0907209000
228,18,4104,KAWIT,0,691,2024-04-04 14:49:53.887,691,2024-04-04 14:49:53.887,0,0402111000
180,34,5706,BARBAZA,0,1973,2023-07-12 16:34:47.033,1973,2023-07-12 16:34:47.033,0,0600602000
229,18,4105,NOVELETA,0,691,2024-04-04 14:50:08.667,691,2024-04-04 14:50:08.667,0,0402116000
230,18,4106,ROSARIO,0,691,2024-04-04 14:50:22.447,691,2024-04-04 14:50:22.447,0,0103313000
231,18,4102,BACOOR,0,691,2024-04-04 14:50:38.783,691,2024-04-04 14:50:38.783,0,
232,18,4114,DASMARI헤S,0,691,2024-04-04 14:51:02.407,691,2024-04-04 14:51:02.407,0,
233,18,4116,CARMONA,0,691,2024-04-04 14:51:16.710,691,2024-04-04 14:51:16.710,0,0402104000
234,18,4118,SILANG,0,691,2024-04-04 14:51:32.493,691,2024-04-04 14:51:32.493,0,0402118000
235,18,4109,AMADEO,0,691,2024-04-04 14:51:59.387,691,2024-04-04 14:51:59.387,0,0402102000
236,18,4107,TANZA,0,691,2024-04-04 14:52:14.393,691,2024-04-04 14:52:14.393,0,0402120000
237,18,4123,ALFONSO,0,691,2024-04-04 14:52:35.823,691,2024-04-04 14:52:35.823,0,0402101000
238,18,4124,GEN. EMILIO AGUINALDO,0,691,2024-04-04 14:53:03.860,691,2024-04-04 14:53:03.860,0,
239,18,4112,MARAGONDON,0,691,2024-04-04 14:53:22.557,691,2024-04-04 14:53:22.557,0,0402113000
240,18,4100,CAVITE CITY,0,691,2024-04-04 14:53:41.533,691,2024-04-04 14:53:41.533,0,
241,14,2010,MABALACAT,0,691,2024-04-04 14:58:18.793,691,2024-04-04 14:58:18.793,0,
242,14,2000,SAN FERNANDO,0,691,2024-04-04 14:58:38.970,691,2024-04-04 14:58:38.970,0,1705913000
243,14,2022,SANTA ANA,0,691,2024-04-04 14:59:03.087,691,2024-04-04 14:59:03.087,0,0201523000
31,52,8723,CABANGLASAN,0,776,2020-07-13 14:18:19.340,691,2020-09-03 22:18:11.190,0,1001322000
41,52,8714,MARAMAG,0,776,2020-07-13 14:22:20.367,691,2020-09-03 22:15:07.693,0,1001315000
105,50,7020,AURORA,0,691,2022-07-13 08:29:52.740,691,2022-07-13 08:29:52.740,0,0203103000
177,21,1850,SAN MATEO,0,973,2023-06-19 13:16:08.763,973,2023-06-19 13:16:08.763,0,0203132000
179,66,8509,VERUELA,0,972,2023-07-03 11:16:14.193,972,2023-07-03 11:16:14.193,0,1600313000
181,57,8807,MABINI,0,973,2023-07-13 16:30:44.723,973,2023-07-13 16:30:44.723,0,0105523000
186,50,7023,MOLAVE,0,973,2023-09-28 11:09:14.063,973,2023-09-28 11:09:30.587,0,0907319000
195,86,8810,LAAK,0,972,2023-12-02 11:44:39.457,972,2023-12-02 11:44:39.457,0,1108202000
203,17,4217,LIPA CITY,0,691,2024-03-04 16:48:53.167,691,2024-03-04 16:48:53.167,0,
300,61,9402,M'LANG,0,973,2024-07-25 15:24:46.747,973,2024-07-25 15:24:46.747,0,1204710000
323,4,2400,DAGUPAN CITY,0,973,2025-02-19 09:38:49.123,973,2025-02-19 09:38:49.123,0,
324,61,9406,MATALAM,0,973,2025-02-21 15:57:43.427,973,2025-02-21 15:57:43.427,0,1204708000
60,39,6329,CORELLA,0,691,2021-10-05 14:55:12.257,691,2021-10-05 14:55:12.257,0,0701215000
78,40,6016,LAPU-LAPU CITY,0,691,2022-03-14 09:54:00.603,691,2022-03-14 12:01:44.427,0,
80,39,6325,TALIBON,0,691,2022-05-20 15:42:06.293,691,2022-05-20 15:42:06.293,0,0701243000
81,40,6014,MANDAUE CITY,0,1691,2022-06-03 10:17:03.080,1691,2022-06-03 10:17:03.080,0,
84,39,6311,ANDA,0,1691,2022-06-03 10:51:16.010,1691,2022-06-03 10:51:16.010,0,0105505000
88,39,6341,CORTEZ,0,1691,2022-06-03 11:26:17.203,1691,2022-06-03 11:26:17.203,0,
90,39,6305,DIMIAO,0,1691,2022-06-03 11:27:31.160,1691,2022-06-03 11:27:31.160,0,0701220000
96,39,6313,MABINI,0,1691,2022-06-03 11:31:47.413,1691,2022-06-03 11:31:47.413,0,0105523000
98,39,6340,PANGLAO,0,1691,2022-06-03 11:32:47.620,1691,2022-06-03 11:32:47.620,0,0701233000
104,54,9200,ILIGAN CITY,0,691,2022-06-11 09:19:17.883,691,2022-06-11 09:19:17.883,0,
110,58,8006,HAGUNOY,0,691,2022-07-13 09:50:46.060,691,2022-07-13 09:50:46.060,0,
111,58,8014,JOSE ABAD SANTOS,0,691,2022-07-13 09:51:27.407,691,2022-07-13 09:51:27.407,0,1108602000
112,58,8008,KIBLAWAN,0,691,2022-07-13 09:51:58.340,691,2022-07-13 09:51:58.340,0,1102406000
114,58,8010,MALALAG,0,691,2022-07-13 09:52:48.450,691,2022-07-13 09:52:48.450,0,1102408000
115,58,8012,MALITA,0,691,2022-07-13 09:53:04.407,691,2022-07-13 09:53:04.407,0,
116,58,8003,MATANAO,0,691,2022-07-13 09:53:29.020,691,2022-07-13 09:53:29.020,0,1102410000
117,58,8007,PADADA,0,691,2022-07-13 09:53:59.963,691,2022-07-13 09:53:59.963,0,1102411000
119,58,8011,SANTA MARIA,0,691,2022-07-13 09:54:34.360,691,2022-07-13 09:54:34.360,0,0102926000
121,58,8009,SULOP,0,691,2022-07-13 09:55:08.650,691,2022-07-13 09:55:08.650,0,1102414000
141,60,8206,BOSTON,0,973,2022-11-04 14:37:30.307,973,2022-11-04 14:44:37.177,0,1102503000
145,60,8207,LUPON,0,973,2022-11-04 14:40:26.947,973,2022-11-05 08:48:28.043,0,1102507000
151,58,8006,HAGONOY,0,972,2022-11-10 10:08:25.203,972,2022-11-10 10:08:25.203,0,0301409000
128,64,9805,ISULAN,0,973,2022-11-11 11:06:22.980,973,2022-11-11 11:06:22.980,0,
189,40,6000,DANAO CITY,0,973,2023-10-26 16:26:47.050,973,2023-10-26 16:26:47.050,0,0702223000
208,27,4511,TABACO CITY,0,691,2024-03-11 16:54:04.057,691,2024-03-11 16:55:27.833,0,
209,82,1700,PARA헤QUE CITY,0,691,2024-03-11 17:02:35.923,691,2024-04-23 14:02:47.047,0,
210,21,1860,MONTALBAN (RODRIGUEZ),0,691,2024-03-11 17:08:01.707,691,2024-04-23 16:29:52.517,0,
211,55,7208,LOPEZ JAENA,0,691,2024-03-11 17:17:29.127,691,2024-03-11 17:17:29.127,0,1004208000
212,18,4107,GENERAL TRIAS,0,691,2024-03-11 17:19:52.457,691,2024-03-11 17:19:52.457,0,
213,19,4023,SAN PEDRO,0,691,2024-03-13 11:16:22.840,691,2024-03-13 11:16:22.840,0,
214,7,3306,ALICIA,0,691,2024-03-13 11:41:58.650,691,2024-03-13 11:41:58.650,0,0203101000
215,50,7000,ZAMBOANGA CITY,0,691,2024-03-13 16:29:01.903,691,2024-03-13 16:29:01.903,0,
216,18,4114,DASMARI헤S,0,691,2024-03-15 14:13:59.933,691,2024-03-15 14:13:59.933,0,
217,82,PC,PASAY CITY,0,691,2024-03-15 14:16:56.890,691,2024-04-23 14:03:16.377,0,1381100000
289,35,5800,ROXAS CITY,0,972,2024-05-27 13:42:29.087,972,2024-05-27 13:42:29.087,0,
290,35,5800,PONTEVEDRA,0,972,2024-05-27 13:43:36.050,972,2024-05-27 13:43:36.050,0,0601912000
